<launch4jConfig>
  <dontWrapJar>false</dontWrapJar>
  <headerType>gui</headerType>
  <jar>C:\Users\brock.ryan\Desktop\Java\Clipboard_to_Uppercase.jar</jar>
  <outfile>C:\Users\brock.ryan\Desktop\Java\app\CLIPBOARD CASE CONVERTER (U).exe</outfile>
  <errTitle></errTitle>
  <cmdLine></cmdLine>
  <chdir></chdir>
  <priority>normal</priority>
  <downloadUrl>http://java.com/download</downloadUrl>
  <supportUrl></supportUrl>
  <customProcName>false</customProcName>
  <stayAlive>false</stayAlive>
  <manifest></manifest>
  <icon>C:\Users\brock.ryan\Desktop\Java\icons\Clipboard_to_UPPERCASE_icon.ico</icon>
  <jre>
    <path></path>
    <minVersion>1.4.0</minVersion>
    <maxVersion></maxVersion>
    <jdkPreference>preferJre</jdkPreference>
  </jre>
</launch4jConfig>